{"cameraMode":{"drawMode":0,"name":"Shaded","section":"Shading Mode"},"sceneLighting":true,"audioPlay":false,"sceneViewState":{"showFog":true,"showMaterialUpdate":true,"showSkybox":true,"showFlares":true,"showImageEffects":true,"showParticleSystems":true},"in2DMode":false,"pivot":{"x":4.883488655090332,"y":-17.064741134643556,"z":27.858415603637697},"rotation":{"x":-0.3094821572303772,"y":0.0627317801117897,"z":-0.020372973755002023,"w":-0.9487549066543579},"size":36.045654296875,"orthographic":false}