{"cameraMode":{"drawMode":0,"name":"Shaded","section":"Shading Mode"},"sceneLighting":true,"audioPlay":false,"sceneViewState":{"showFog":true,"showMaterialUpdate":true,"showSkybox":true,"showFlares":true,"showImageEffects":true,"showParticleSystems":true},"in2DMode":false,"pivot":{"x":0.6103310585021973,"y":-1.9308996200561524,"z":2.9796462059020998},"rotation":{"x":-0.41276267170906069,"y":0.547372579574585,"z":-0.35583263635635378,"w":-0.6352361440658569},"size":6.715157985687256,"orthographic":false}