{"cameraMode":{"drawMode":0,"name":"Shaded","section":"Shading Mode"},"sceneLighting":true,"audioPlay":false,"sceneViewState":{"showFog":true,"showMaterialUpdate":true,"showSkybox":true,"showFlares":true,"showImageEffects":true,"showParticleSystems":true},"in2DMode":false,"pivot":{"x":36.451210021972659,"y":-12.083633422851563,"z":-34.478702545166019},"rotation":{"x":-0.24385932087898255,"y":0.004398722667247057,"z":-0.0009397757239639759,"w":-0.9699437618255615},"size":1029.78515625,"orthographic":false}