{"cameraMode":{"drawMode":0,"name":"Shaded","section":"Shading Mode"},"sceneLighting":false,"audioPlay":false,"sceneViewState":{"showFog":true,"showMaterialUpdate":true,"showSkybox":true,"showFlares":true,"showImageEffects":true,"showParticleSystems":true},"in2DMode":false,"pivot":{"x":-1.557847261428833,"y":10.0293550491333,"z":1.4409141540527344},"rotation":{"x":0.03168162330985069,"y":-0.08803154528141022,"z":0.0027981146704405548,"w":0.9956227540969849},"size":11.913607597351075,"orthographic":false}